,support_tick_id,support_ticket_text,model_response_1,model_response_2,model_response_3,model_response_4,model_response_1_parsed,category,model_response_2_parsed,priority,ETA,model_response_3_parsed,sentiment,model_response_4_parsed,tags,summary,model_response_5
0,TF-2024-001,I cannot log into my TaskFlow account. I've tried resetting my password three times but the reset email never arrives. I have a team standup in 30 minutes and all my tasks are in TaskFlow. This is extremely urgent.,"{ ""category"" : ""Account & Access"" }","{ ""priority"" : ""P1"", ""ETA"": ""ASAP"" }","{ ""sentiment"" : ""Frustrated"" }","{ ""Tags"" : [""Login & Authentication"", ""Notifications"", ""Escalation""], ""Summary"" : ""Customer cannot log in.""}",{'category': 'Account & Access'},Account & Access,"{'priority': 'P1', 'ETA': 'ASAP'}",P1,ASAP,{'sentiment': 'Frustrated'},Frustrated,"{'Tags': ['Login & Authentication', 'Notifications', 'Escalation'], 'Summary': 'Customer cannot log in.'}","['Login & Authentication', 'Notifications', 'Escalation']",Customer cannot log in.,"{""first_response"":""Sorry for the frustration caused. We understand this issue is related to Account & Access and we are treating this as urgent. We are working to resolve it ASAP. Warm regards, TaskFlow Customer Success Team""}"
1,TF-2024-002,"Hi, I was charged twice for my monthly subscription this month. My credit card shows two payments of $49 on the 3rd and 4th of this month. Please refund the duplicate charge as soon as possible.","{ ""category"" : ""Billing & Subscriptions"" }","{ ""priority"" : ""P1"", ""ETA"": ""ASAP"" }","{ ""sentiment"" : ""Negative"" }","{ ""Tags"" : [""Billing & Payment"", ""Refund Request""], ""Summary"" : ""Customer was charged twice.""}",{'category': 'Billing & Subscriptions'},Billing & Subscriptions,"{'priority': 'P1', 'ETA': 'ASAP'}",P1,ASAP,{'sentiment': 'Negative'},Negative,"{'Tags': ['Billing & Payment', 'Refund Request'], 'Summary': 'Customer was charged twice.'}","['Billing & Payment', 'Refund Request']",Customer was charged twice.,"{""first_response"":""Sorry for the inconvenience. We understand this issue is related to Billing & Subscriptions and we are treating this as urgent. We are working to resolve it ASAP. Warm regards, TaskFlow Customer Success Team""}"
2,TF-2024-003,It would be really helpful if TaskFlow had a Gantt chart view for project timelines. We manage complex projects and currently have to use a separate tool just for timeline visualization. Would love to see this added.,"{ ""category"" : ""Feature Requests & Feedback"" }","{ ""priority"" : ""P4"", ""ETA"": ""Within 48 hours"" }","{ ""sentiment"" : ""Positive"" }","{ ""Tags"" : [""Task Management"", ""Feature Request"", ""Desktop App""], ""Summary"" : ""Customer requests Gantt chart view.""}",{'category': 'Feature Requests & Feedback'},Feature Requests & Feedback,"{'priority': 'P4', 'ETA': 'Within 48 hours'}",P4,Within 48 hours,{'sentiment': 'Positive'},Positive,"{'Tags': ['Task Management', 'Feature Request', 'Desktop App'], 'Summary': 'Customer requests Gantt chart view.'}","['Task Management', 'Feature Request', 'Desktop App']",Customer requests Gantt chart view.,"{""first_response"": ""Thank you for sharing your feedback. We understand this is a Feature Requests & Feedback issue. A Product Specialist will review your request within 48 hours. Warm regards, TaskFlow Customer Success Team""}"
3,TF-2024-004,The mobile app crashes every time I try to upload an attachment larger than 5MB. I'm on iOS 17.2 and TaskFlow version 4.1.2. This has been happening for the past week and is blocking my team's workflow.,"{ ""category"" : ""Technical Support & Bugs"" }","{ ""priority"" : ""P2"", ""ETA"": ""Within 2-4 hours"" }","{ ""sentiment"" : ""Frustrated"" }","{ ""Tags"" : [""Mobile App"", ""Task Management"", ""Performance & Speed""], ""Summary"" : ""Customer experiences app crashes.""}",{'category': 'Technical Support & Bugs'},Technical Support & Bugs,"{'priority': 'P2', 'ETA': 'Within 2-4 hours'}",P2,Within 2-4 hours,{'sentiment': 'Frustrated'},Frustrated,"{'Tags': ['Mobile App', 'Task Management', 'Performance & Speed'], 'Summary': 'Customer experiences app crashes.'}","['Mobile App', 'Task Management', 'Performance & Speed']",Customer experiences app crashes.,"{""first_response"": ""Sorry for the frustration. We understand this is a Technical Support & Bugs issue. We're treating this as urgent and are working to resolve it. Expect an update within 2-4 hours. Warm regards, TaskFlow Customer Success Team""}"
4,TF-2024-005,I'm new to TaskFlow and struggling to understand how to set up recurring tasks. The help documentation is unclear and I've spent 2 hours trying to figure this out. Can someone walk me through it?,"{ ""category"" : ""How-to & Guidance"" }","{ ""priority"" : ""P3"", ""ETA"": ""Within 24 hours"" }","{ ""sentiment"" : ""Frustrated"" }","{ ""Tags"" : [""Task Management"", ""Onboarding"", ""Account Management""], ""Summary"" : ""User struggles with setup."" }",{'category': 'How-to & Guidance'},How-to & Guidance,"{'priority': 'P3', 'ETA': 'Within 24 hours'}",P3,Within 24 hours,{'sentiment': 'Frustrated'},Frustrated,"{'Tags': ['Task Management', 'Onboarding', 'Account Management'], 'Summary': 'User struggles with setup.'}","['Task Management', 'Onboarding', 'Account Management']",User struggles with setup.,"{""first_response"": ""Sorry for the frustration caused. We understand this issue is related to How-to & Guidance. We're working on it and expect to share guidance within 24 hours. Warm regards, TaskFlow Customer Success Team""}"
5,TF-2024-006,Our Slack integration stopped working yesterday. Notifications from TaskFlow are no longer appearing in our Slack channels. We rely heavily on this integration for team communication. Please fix urgently.,"{ ""category"" : ""Technical Support & Bugs"" }","{ ""priority"" : ""P1"", ""ETA"": ""ASAP"" }","{ ""sentiment"" : ""Frustrated"" }","{ ""Tags"" : [""Integration & Sync"", ""Notifications"", ""Escalation""], ""Summary"" : ""Customer's Slack integration is not working.""}",{'category': 'Technical Support & Bugs'},Technical Support & Bugs,"{'priority': 'P1', 'ETA': 'ASAP'}",P1,ASAP,{'sentiment': 'Frustrated'},Frustrated,"{'Tags': ['Integration & Sync', 'Notifications', 'Escalation'], 'Summary': ""Customer's Slack integration is not working.""}","['Integration & Sync', 'Notifications', 'Escalation']",Customer's Slack integration is not working.,"{""first_response"":""Sorry for the disruption caused. We understand this issue is related to Technical Support & Bugs and we're treating this as urgent. We're working to resolve it ASAP. Warm regards, TaskFlow Customer Success Team""}"
6,TF-2024-007,Can you add a dark mode option to TaskFlow? Many of our team members work late and the bright white interface causes eye strain. This has been requested by multiple users in our organization.,"{ ""category"" : ""Feature Requests & Feedback"" }","{ ""priority"" : ""P4"", ""ETA"": ""Within 48 hours"" }","{ ""sentiment"" : ""Positive"" }","{ ""Tags"" : [""Feature Request"", ""Desktop App"", ""Mobile App""], ""Summary"" : ""Customer requests dark mode.""}",{'category': 'Feature Requests & Feedback'},Feature Requests & Feedback,"{'priority': 'P4', 'ETA': 'Within 48 hours'}",P4,Within 48 hours,{'sentiment': 'Positive'},Positive,"{'Tags': ['Feature Request', 'Desktop App', 'Mobile App'], 'Summary': 'Customer requests dark mode.'}","['Feature Request', 'Desktop App', 'Mobile App']",Customer requests dark mode.,"{""first_response"":""Thank you for sharing your feedback. We understand this is a Feature Requests & Feedback issue. A Product Specialist will review your request for a dark mode option within 48 hours. Warm regards, TaskFlow Customer Success Team""}"
7,TF-2024-008,"I accidentally deleted an entire project with 6 months of work. Is there any way to recover it? I did not archive it first. Please help, this is a disaster for our team.","{ ""category"" : ""Technical Support & Bugs"" }","{ ""priority"" : ""P1"", ""ETA"": ""ASAP"" }","{ ""sentiment"" : ""Frustrated"" }","{ ""Tags"" : [""Data Loss & Recovery"", ""Task Management"", ""Account Management""], ""Summary"" : ""Customer deleted project accidentally.""}",{'category': 'Technical Support & Bugs'},Technical Support & Bugs,"{'priority': 'P1', 'ETA': 'ASAP'}",P1,ASAP,{'sentiment': 'Frustrated'},Frustrated,"{'Tags': ['Data Loss & Recovery', 'Task Management', 'Account Management'], 'Summary': 'Customer deleted project accidentally.'}","['Data Loss & Recovery', 'Task Management', 'Account Management']",Customer deleted project accidentally.,"{""first_response"":""Sorry for the frustration caused. We understand this issue is related to Technical Support & Bugs and we are treating this as urgent. We are working to resolve it ASAP. Warm regards, TaskFlow Customer Success Team""}"
8,TF-2024-009,We want to upgrade from the Professional plan to the Enterprise plan. Can you tell me what additional features we get and whether we can get a custom contract for our 200-person organization?,"{ ""category"" : ""Billing & Subscriptions"" }","{ ""priority"" : ""P4"", ""ETA"": ""Within 48 hours"" }","{ ""sentiment"" : ""Neutral"" }","{ ""Tags"" : [""Plan Upgrade / Downgrade"", ""Account Management"", ""Billing & Payment""], ""Summary"" : ""Customer upgrades plan."" }",{'category': 'Billing & Subscriptions'},Billing & Subscriptions,"{'priority': 'P4', 'ETA': 'Within 48 hours'}",P4,Within 48 hours,{'sentiment': 'Neutral'},Neutral,"{'Tags': ['Plan Upgrade / Downgrade', 'Account Management', 'Billing & Payment'], 'Summary': 'Customer upgrades plan.'}","['Plan Upgrade / Downgrade', 'Account Management', 'Billing & Payment']",Customer upgrades plan.,"{""first_response"":""Thank you for considering an upgrade. We understand this is related to Billing & Subscriptions. We're working on it and will get back to you within 48 hours. Warm regards, TaskFlow Customer Success Team""}"
9,TF-2024-010,"The task due date filter is not working correctly. When I filter for tasks due this week, it shows tasks from last month as well. This makes it impossible to manage my workload effectively.","{ ""category"" : ""Technical Support & Bugs"" }","{ ""priority"" : ""P2"", ""ETA"": ""Within 2-4 hours"" }","{ ""sentiment"" : ""Frustrated"" }","{ ""Tags"" : [""Task Management"", ""Performance & Speed"", ""Filtering""], ""Summary"" : ""Customer's task filter is not working.""}",{'category': 'Technical Support & Bugs'},Technical Support & Bugs,"{'priority': 'P2', 'ETA': 'Within 2-4 hours'}",P2,Within 2-4 hours,{'sentiment': 'Frustrated'},Frustrated,"{'Tags': ['Task Management', 'Performance & Speed', 'Filtering'], 'Summary': ""Customer's task filter is not working.""}","['Task Management', 'Performance & Speed', 'Filtering']",Customer's task filter is not working.,"{""first_response"": ""Sorry for the frustration caused. We understand this issue is related to Technical Support & Bugs and we're treating it as urgent. We're working to resolve it within 2-4 hours. Warm regards, TaskFlow Customer Success Team""}"
10,TF-2024-011,"I have been trying to cancel my subscription for two weeks. Every time I click the cancel button in settings, I get an error message saying 'Action failed, please try again'. I do not want to be charged next month.","{ ""category"" : ""Billing & Subscriptions"" }","{ ""priority"" : ""P2"", ""ETA"": ""Within 2-4 hours"" }","{ ""sentiment"" : ""Frustrated"" }","{ ""Tags"" : [""Account Management"", ""Billing & Payment"", ""Login & Authentication""], ""Summary"" : ""Customer struggles to cancel subscription.""}",{'category': 'Billing & Subscriptions'},Billing & Subscriptions,"{'priority': 'P2', 'ETA': 'Within 2-4 hours'}",P2,Within 2-4 hours,{'sentiment': 'Frustrated'},Frustrated,"{'Tags': ['Account Management', 'Billing & Payment', 'Login & Authentication'], 'Summary': 'Customer struggles to cancel subscription.'}","['Account Management', 'Billing & Payment', 'Login & Authentication']",Customer struggles to cancel subscription.,"{""first_response"":""Sorry for the frustration caused. We understand this issue is related to Billing & Subscriptions and we are treating this as urgent. We are working to resolve it within 2-4 hours. Warm regards, TaskFlow Customer Success Team""}"
11,TF-2024-012,TaskFlow's API documentation is missing examples for the webhooks endpoint. Our engineering team is trying to build a custom integration and we are stuck without proper documentation.,"{ ""category"" : ""How-to & Guidance"" }","{ ""priority"" : ""P3"", ""ETA"": ""Within 24 hours"" }","{ ""sentiment"" : ""Negative"" }","{ ""Tags"" : [""API & Developer"", ""Integration & Sync"", ""Documentation""], ""Summary"" : ""Customer needs API documentation.""}",{'category': 'How-to & Guidance'},How-to & Guidance,"{'priority': 'P3', 'ETA': 'Within 24 hours'}",P3,Within 24 hours,{'sentiment': 'Negative'},Negative,"{'Tags': ['API & Developer', 'Integration & Sync', 'Documentation'], 'Summary': 'Customer needs API documentation.'}","['API & Developer', 'Integration & Sync', 'Documentation']",Customer needs API documentation.,"{""first_response"":""Sorry for the inconvenience. We understand this issue is related to How-to & Guidance and we're working to resolve it. We'll provide an update within 24 hours. Warm regards, TaskFlow Customer Success Team""}"
12,TF-2024-013,The bulk task assignment feature would save our project managers so much time. Currently we have to assign tasks one by one. Please consider adding the ability to select multiple tasks and assign them all at once.,"{ ""category"" : ""Feature Requests & Feedback"" }","{ ""priority"" : ""P4"", ""ETA"": ""Within 48 hours"" }","{ ""sentiment"" : ""Positive"" }","{ ""Tags"" : [""Task Management"", ""Feature Request"", ""Account Management""], ""Summary"" : ""Customer requests bulk task assignment.""}",{'category': 'Feature Requests & Feedback'},Feature Requests & Feedback,"{'priority': 'P4', 'ETA': 'Within 48 hours'}",P4,Within 48 hours,{'sentiment': 'Positive'},Positive,"{'Tags': ['Task Management', 'Feature Request', 'Account Management'], 'Summary': 'Customer requests bulk task assignment.'}","['Task Management', 'Feature Request', 'Account Management']",Customer requests bulk task assignment.,"{""first_response"":""Thank you for sharing your valuable feedback. We've noted your request under Feature Requests & Feedback. A Product Specialist will be in touch within 48 hours to discuss further. Warm regards, TaskFlow Customer Success Team""}"
13,TF-2024-014,I cannot export my project data to Excel. The export button does nothing when I click it. I need this data urgently for a board presentation tomorrow morning.,"{ ""category"" : ""Technical Support & Bugs"" }","{ ""priority"" : ""P1"", ""ETA"": ""ASAP"" }","{ ""sentiment"" : ""Frustrated"" }","{ ""Tags"" : [""Data Export & Import"", ""Desktop App"", ""Performance & Speed""], ""Summary"" : ""Customer cannot export project data.""}",{'category': 'Technical Support & Bugs'},Technical Support & Bugs,"{'priority': 'P1', 'ETA': 'ASAP'}",P1,ASAP,{'sentiment': 'Frustrated'},Frustrated,"{'Tags': ['Data Export & Import', 'Desktop App', 'Performance & Speed'], 'Summary': 'Customer cannot export project data.'}","['Data Export & Import', 'Desktop App', 'Performance & Speed']",Customer cannot export project data.,"{""first_response"":""Sorry for the frustration caused. We understand this issue is related to Technical Support & Bugs and we are treating this as urgent. We are working to resolve it ASAP. Warm regards, TaskFlow Customer Success Team""}"
14,TF-2024-015,Our entire team has been logged out simultaneously and cannot log back in. We are getting an error that says 'Service temporarily unavailable'. Is there an outage? We have a critical deadline today.,"{ ""category"" : ""Account & Access"" }","{ ""priority"" : ""P1"", ""ETA"": ""ASAP"" }","{ ""sentiment"" : ""Frustrated"" }","{ ""Tags"" : [""Login & Authentication"", ""Performance & Speed"", ""Escalation""], ""Summary"" : ""Team is locked out.""}",{'category': 'Account & Access'},Account & Access,"{'priority': 'P1', 'ETA': 'ASAP'}",P1,ASAP,{'sentiment': 'Frustrated'},Frustrated,"{'Tags': ['Login & Authentication', 'Performance & Speed', 'Escalation'], 'Summary': 'Team is locked out.'}","['Login & Authentication', 'Performance & Speed', 'Escalation']",Team is locked out.,"{""first_response"":""Sorry for the frustration caused. We understand this issue is related to Account & Access and we are treating this as urgent. We are working to resolve it ASAP. Warm regards, TaskFlow Customer Success Team""}"
15,TF-2024-016,I was overcharged for additional seats last month. We removed 5 users from our account on the 1st of the month but were still billed for them. Please audit our account and issue a credit.,"{ ""category"" : ""Billing & Subscriptions"" }","{ ""priority"" : ""P3"", ""ETA"": ""Within 24 hours"" }","{ ""sentiment"" : ""Negative"" }","{ ""Tags"" : [""Billing & Payment"", ""Account Management"", ""Refund Request""], ""Summary"" : ""Customer overcharged for seats.""}",{'category': 'Billing & Subscriptions'},Billing & Subscriptions,"{'priority': 'P3', 'ETA': 'Within 24 hours'}",P3,Within 24 hours,{'sentiment': 'Negative'},Negative,"{'Tags': ['Billing & Payment', 'Account Management', 'Refund Request'], 'Summary': 'Customer overcharged for seats.'}","['Billing & Payment', 'Account Management', 'Refund Request']",Customer overcharged for seats.,"{""first_response"":""Sorry for the inconvenience. We understand this issue is related to Billing & Subscriptions. We are working to resolve it within 24 hours. Warm regards, TaskFlow Customer Success Team""}"
16,TF-2024-017,"The time tracking feature is inaccurate. It is recording more hours than actually worked. For example, a task I worked on for 1 hour shows 3.5 hours tracked. This is affecting our client billing reports.","{ ""category"" : ""Technical Support & Bugs"" }","{ ""priority"" : ""P2"", ""ETA"": ""Within 2-4 hours"" }","{ ""sentiment"" : ""Frustrated"" }","{ ""Tags"" : [""Task Management"", ""Billing & Payment"", ""Performance & Speed""], ""Summary"" : ""Customer reports time tracking inaccuracy.""}",{'category': 'Technical Support & Bugs'},Technical Support & Bugs,"{'priority': 'P2', 'ETA': 'Within 2-4 hours'}",P2,Within 2-4 hours,{'sentiment': 'Frustrated'},Frustrated,"{'Tags': ['Task Management', 'Billing & Payment', 'Performance & Speed'], 'Summary': 'Customer reports time tracking inaccuracy.'}","['Task Management', 'Billing & Payment', 'Performance & Speed']",Customer reports time tracking inaccuracy.,"{""first_response"": ""Sorry for the frustration caused. We understand this issue is related to Technical Support & Bugs and we are treating this as urgent. We are working to resolve it within 2-4 hours. Warm regards, TaskFlow Customer Success Team""}"
17,TF-2024-018,Would it be possible to add custom fields to tasks? We need to track additional metadata like client names and budget codes that are specific to our business. This would make TaskFlow much more useful for us.,"{ ""category"" : ""Feature Requests & Feedback"" }","{ ""priority"" : ""P4"", ""ETA"": ""Within 48 hours"" }","{ ""sentiment"" : ""Positive"" }","{ ""Tags"" : [""Feature Request"", ""Task Management"", ""Account Management""], ""Summary"" : ""Customer requests custom fields.""}",{'category': 'Feature Requests & Feedback'},Feature Requests & Feedback,"{'priority': 'P4', 'ETA': 'Within 48 hours'}",P4,Within 48 hours,{'sentiment': 'Positive'},Positive,"{'Tags': ['Feature Request', 'Task Management', 'Account Management'], 'Summary': 'Customer requests custom fields.'}","['Feature Request', 'Task Management', 'Account Management']",Customer requests custom fields.,"{""first_response"": ""Thank you for sharing your idea. We understand this is a Feature Request and we're working on it. A Product Specialist will be in touch within 48 hours. Warm regards, TaskFlow Customer Success Team""}"
18,TF-2024-019,The search function does not return results for tasks inside archived projects. I need to find old tasks for a client audit and this is making it very difficult. Please fix or provide a workaround.,"{ ""category"" : ""Technical Support & Bugs"" }","{ ""priority"" : ""P2"", ""ETA"": ""Within 2-4 hours"" }","{ ""sentiment"" : ""Frustrated"" }","{ ""Tags"" : [""Task Management"", ""Search"", ""Account Management""], ""Summary"" : ""Customer struggles with search function.""}",{'category': 'Technical Support & Bugs'},Technical Support & Bugs,"{'priority': 'P2', 'ETA': 'Within 2-4 hours'}",P2,Within 2-4 hours,{'sentiment': 'Frustrated'},Frustrated,"{'Tags': ['Task Management', 'Search', 'Account Management'], 'Summary': 'Customer struggles with search function.'}","['Task Management', 'Search', 'Account Management']",Customer struggles with search function.,"{""first_response"": ""Sorry for the frustration. We understand this is a Technical Support & Bugs issue. We're treating this as urgent and are working to resolve it. Expect progress within 2-4 hours. Warm regards, TaskFlow Customer Success Team""}"
19,TF-2024-020,I am getting a 'Permission denied' error when trying to access a project my manager has shared with me. She has confirmed she set my role to Editor. This has been going on for three days.,"{ ""category"" : ""Account & Access"" }","{ ""priority"" : ""P3"", ""ETA"": ""Within 24 hours"" }","{ ""sentiment"" : ""Frustrated"" }","{ ""Tags"" : [""Permissions & Access"", ""Account Management"", ""Login & Authentication""], ""Summary"" : ""User has permission issues.""}",{'category': 'Account & Access'},Account & Access,"{'priority': 'P3', 'ETA': 'Within 24 hours'}",P3,Within 24 hours,{'sentiment': 'Frustrated'},Frustrated,"{'Tags': ['Permissions & Access', 'Account Management', 'Login & Authentication'], 'Summary': 'User has permission issues.'}","['Permissions & Access', 'Account Management', 'Login & Authentication']",User has permission issues.,"{""first_response"":""Sorry for the frustration caused. We understand this issue is related to Account & Access. We are working to resolve it. Expect an update within 24 hours. Warm regards, TaskFlow Customer Success Team""}"
20,TF-2024-021,We would love to have a portfolio view that shows all projects across our organization in one dashboard with overall completion percentages. This is critical for our executive reporting needs.,"{ ""category"" : ""Feature Requests & Feedback"" }","{ ""priority"" : ""P1"", ""ETA"": ""ASAP"" }","{ ""sentiment"" : ""Positive"" }","{ ""Tags"" : [""Task Management"", ""Feature Request"", ""Account Management""], ""Summary"" : ""Customer requests portfolio view.""}",{'category': 'Feature Requests & Feedback'},Feature Requests & Feedback,"{'priority': 'P1', 'ETA': 'ASAP'}",P1,ASAP,{'sentiment': 'Positive'},Positive,"{'Tags': ['Task Management', 'Feature Request', 'Account Management'], 'Summary': 'Customer requests portfolio view.'}","['Task Management', 'Feature Request', 'Account Management']",Customer requests portfolio view.,"{""first_response"":""Thank you for sharing your idea. We understand this is a Feature Requests & Feedback issue. Your request for a portfolio view is received and we're treating this as urgent. A Product Specialist will be in touch ASAP. 
Warm regards, TaskFlow Customer Success Team""}"
21,TF-2024-022,TaskFlow is extremely slow today. Pages are taking 30 to 40 seconds to load. Our whole team is affected and we are losing significant productivity. Please investigate immediately.,"{ ""category"" : ""Technical Support & Bugs"" }","{ ""priority"" : ""P2"", ""ETA"": ""Within 2-4 hours"" }","{ ""sentiment"" : ""Frustrated"" }","{ ""Tags"" : [""Performance & Speed"", ""Desktop App"", ""Task Management""], ""Summary"" : ""Team experiences slow loading.""}",{'category': 'Technical Support & Bugs'},Technical Support & Bugs,"{'priority': 'P2', 'ETA': 'Within 2-4 hours'}",P2,Within 2-4 hours,{'sentiment': 'Frustrated'},Frustrated,"{'Tags': ['Performance & Speed', 'Desktop App', 'Task Management'], 'Summary': 'Team experiences slow loading.'}","['Performance & Speed', 'Desktop App', 'Task Management']",Team experiences slow loading.,"{""first_response"":""Sorry for the frustration caused. We understand this issue is related to Technical Support & Bugs and we are treating this as urgent. We are working to resolve it. Expect progress within 2-4 hours. Warm regards, TaskFlow Customer Success Team""}"
22,TF-2024-023,I accidentally added the wrong team members to a confidential project. I cannot figure out how to remove them. The project contains sensitive financial information. This needs to be resolved right now.,"{ ""category"" : ""Account & Access"" }","{ ""priority"" : ""P1"", ""ETA"": ""ASAP"" }","{ ""sentiment"" : ""Frustrated"" }","{ ""Tags"" : [""Permissions & Access"", ""Security & Compliance"", ""Account Management""], ""Summary"" : ""Customer added wrong team members.""}",{'category': 'Account & Access'},Account & Access,"{'priority': 'P1', 'ETA': 'ASAP'}",P1,ASAP,{'sentiment': 'Frustrated'},Frustrated,"{'Tags': ['Permissions & Access', 'Security & Compliance', 'Account Management'], 'Summary': 'Customer added wrong team members.'}","['Permissions & Access', 'Security & Compliance', 'Account Management']",Customer added wrong team members.,"{""first_response"":""Sorry for the frustration caused. We understand this issue is related to Account & Access and we are treating this as urgent. We are working to resolve it ASAP. Warm regards, TaskFlow Customer Success Team""}"
23,TF-2024-024,Can TaskFlow support Single Sign-On with Okta? Our IT department requires all SaaS tools to use our company SSO. Without this we cannot roll out TaskFlow to our full organization of 500 people.,"{ ""category"" : ""Account & Access"" }","{ ""priority"" : ""P1"", ""ETA"": ""ASAP"" }","{ ""sentiment"" : ""Neutral"" }","{ ""Tags"" : [""Login & Authentication"", ""Security & Compliance"", ""Integration & Sync""], ""Summary"" : ""Customer inquires about Okta SSO support.""}",{'category': 'Account & Access'},Account & Access,"{'priority': 'P1', 'ETA': 'ASAP'}",P1,ASAP,{'sentiment': 'Neutral'},Neutral,"{'Tags': ['Login & Authentication', 'Security & Compliance', 'Integration & Sync'], 'Summary': 'Customer inquires about Okta SSO support.'}","['Login & Authentication', 'Security & Compliance', 'Integration & Sync']",Customer inquires about Okta SSO support.,"{""first_response"":""Thank you for reaching out. We understand this issue is related to Account & Access and we are treating this as urgent. We are working to resolve it ASAP. Warm regards, TaskFlow Customer Success Team""}"
24,TF-2024-025,The email notifications stopped working for my account three days ago. I'm missing task updates and deadline reminders. I have checked my spam folder and confirmed my email is correct in settings.,"{ ""category"" : ""Technical Support & Bugs"" }","{ ""priority"" : ""P2"", ""ETA"": ""Within 2-4 hours"" }","{ ""sentiment"" : ""Frustrated"" }","{ ""Tags"" : [""Notifications"", ""Account Management"", ""Task Management""], ""Summary"" : ""Customer's email notifications stopped working.""}",{'category': 'Technical Support & Bugs'},Technical Support & Bugs,"{'priority': 'P2', 'ETA': 'Within 2-4 hours'}",P2,Within 2-4 hours,{'sentiment': 'Frustrated'},Frustrated,"{'Tags': ['Notifications', 'Account Management', 'Task Management'], 'Summary': ""Customer's email notifications stopped working.""}","['Notifications', 'Account Management', 'Task Management']",Customer's email notifications stopped working.,"{""first_response"": ""Sorry for the frustration caused. We understand this issue is related to Technical Support & Bugs and we're treating this as urgent. We're working to resolve it within 2-4 hours. Warm regards, TaskFlow Customer Success Team""}"
25,TF-2024-026,"I would like to request a refund for the annual subscription I purchased last week. After testing the product with my team, we have decided it does not meet our needs. The website says 14-day money back guarantee.","{ ""category"" : ""Billing & Subscriptions"" }","{ ""priority"" : ""P4"", ""ETA"": ""Within 48 hours"" }","{ ""sentiment"" : ""Negative"" }","{ ""Tags"" : [""Billing & Payment"", ""Refund Request"", ""Account Management""], ""Summary"" : ""Customer requests refund.""}",{'category': 'Billing & Subscriptions'},Billing & Subscriptions,"{'priority': 'P4', 'ETA': 'Within 48 hours'}",P4,Within 48 hours,{'sentiment': 'Negative'},Negative,"{'Tags': ['Billing & Payment', 'Refund Request', 'Account Management'], 'Summary': 'Customer requests refund.'}","['Billing & Payment', 'Refund Request', 'Account Management']",Customer requests refund.,"{""first_response"": ""Sorry for the inconvenience. We understand this issue is related to Billing & Subscriptions. We're working to resolve it. Expect a resolution within 48 hours. Warm regards, TaskFlow Customer Success Team""}"
26,TF-2024-027,The recurring task feature creates duplicate tasks randomly. Some tasks appear two or three times in my task list when they should only appear once. This is cluttering my workspace significantly.,"{ ""category"" : ""Technical Support & Bugs"" }","{ ""priority"" : ""P2"", ""ETA"": ""Within 2-4 hours"" }","{ ""sentiment"" : ""Negative"" }","{ ""Tags"" : [""Task Management"", ""Performance & Speed"", ""Account Management""], ""Summary"" : ""Customer experiences duplicate tasks.""}",{'category': 'Technical Support & Bugs'},Technical Support & Bugs,"{'priority': 'P2', 'ETA': 'Within 2-4 hours'}",P2,Within 2-4 hours,{'sentiment': 'Negative'},Negative,"{'Tags': ['Task Management', 'Performance & Speed', 'Account Management'], 'Summary': 'Customer experiences duplicate tasks.'}","['Task Management', 'Performance & Speed', 'Account Management']",Customer experiences duplicate tasks.,"{""first_response"":""Sorry for the inconvenience. We understand this issue is related to Technical Support & Bugs and we're treating this as urgent. We're working to resolve it within 2-4 hours. Warm regards, TaskFlow Customer Success Team""}"
27,TF-2024-028,Please add a native video conferencing integration with Zoom or Google Meet. Currently we have to manually paste meeting links into task comments which is inefficient.,"{ ""category"" : ""Feature Requests & Feedback"" }","{ ""priority"" : ""P4"", ""ETA"": ""Within 48 hours"" }","{ ""sentiment"" : ""Negative"" }","{ ""Tags"" : [""Integration & Sync"", ""Feature Request"", ""Desktop App""], ""Summary"" : ""Customer requests video integration."" }",{'category': 'Feature Requests & Feedback'},Feature Requests & Feedback,"{'priority': 'P4', 'ETA': 'Within 48 hours'}",P4,Within 48 hours,{'sentiment': 'Negative'},Negative,"{'Tags': ['Integration & Sync', 'Feature Request', 'Desktop App'], 'Summary': 'Customer requests video integration.'}","['Integration & Sync', 'Feature Request', 'Desktop App']",Customer requests video integration.,"{""first_response"":""Sorry for the inconvenience. We understand this is a Feature Requests & Feedback issue. A Product Specialist will review your request for native video conferencing integration within 48 hours. Warm regards, TaskFlow Customer Success Team""}"
28,TF-2024-029,My account shows I have used 95% of my file storage but I have barely uploaded anything. I think there is a bug calculating storage usage. I do not want to be forced to upgrade unnecessarily.,"{ ""category"" : ""Technical Support & Bugs"" }","{ ""priority"" : ""P3"", ""ETA"": ""Within 24 hours"" }","{ ""sentiment"" : ""Negative"" }","{ ""Tags"" : [""Storage"", ""Account Management"", ""Billing & Payment""], ""Summary"" : ""Customer reports storage usage issue.""}",{'category': 'Technical Support & Bugs'},Technical Support & Bugs,"{'priority': 'P3', 'ETA': 'Within 24 hours'}",P3,Within 24 hours,{'sentiment': 'Negative'},Negative,"{'Tags': ['Storage', 'Account Management', 'Billing & Payment'], 'Summary': 'Customer reports storage usage issue.'}","['Storage', 'Account Management', 'Billing & Payment']",Customer reports storage usage issue.,"{""first_response"":""Sorry for the inconvenience. We understand this issue is related to Technical Support & Bugs. We are working to resolve it. Expect an update within 24 hours. Warm regards, TaskFlow Customer Success Team""}"
29,TF-2024-030,"The task dependency feature is not working. When I mark a predecessor task as complete, the dependent task is not automatically unlocking. My team's workflow is completely blocked because of this.","{ ""category"" : ""Technical Support & Bugs"" }","{ ""priority"" : ""P1"", ""ETA"": ""ASAP"" }","{ ""sentiment"" : ""Frustrated"" }","{ ""Tags"" : [""Task Management"", ""Escalation"", ""Performance & Speed""], ""Summary"" : ""Task dependency feature is not working.""}",{'category': 'Technical Support & Bugs'},Technical Support & Bugs,"{'priority': 'P1', 'ETA': 'ASAP'}",P1,ASAP,{'sentiment': 'Frustrated'},Frustrated,"{'Tags': ['Task Management', 'Escalation', 'Performance & Speed'], 'Summary': 'Task dependency feature is not working.'}","['Task Management', 'Escalation', 'Performance & Speed']",Task dependency feature is not working.,"{""first_response"":""Sorry for the frustration caused. We understand this issue is related to Technical Support & Bugs and we are treating this as urgent. We’re working to resolve it ASAP. Warm regards, TaskFlow Customer Success Team""}"
30,TF-2024-031,I have been a TaskFlow customer for three years. Today I noticed all my custom project templates have disappeared. I spent weeks building these templates and they are critical to our operations. Please recover them.,"{ ""category"" : ""Technical Support & Bugs"" }","{ ""priority"" : ""P1"", ""ETA"": ""ASAP"" }","{ ""sentiment"" : ""Frustrated"" }","{ ""Tags"" : [""Data Loss & Recovery"", ""Task Management"", ""Account Management""], ""Summary"" : ""Customer lost custom templates.""}",{'category': 'Technical Support & Bugs'},Technical Support & Bugs,"{'priority': 'P1', 'ETA': 'ASAP'}",P1,ASAP,{'sentiment': 'Frustrated'},Frustrated,"{'Tags': ['Data Loss & Recovery', 'Task Management', 'Account Management'], 'Summary': 'Customer lost custom templates.'}","['Data Loss & Recovery', 'Task Management', 'Account Management']",Customer lost custom templates.,"{""first_response"":""Sorry for the frustration caused. We understand this issue is related to Technical Support & Bugs and we are treating this as urgent. We are working to resolve it ASAP. Warm regards, TaskFlow Customer Success Team""}"
31,TF-2024-032,Can you add an AI assistant that can automatically suggest task assignments based on team member workload and skills? This would significantly improve how we allocate work across our team.,"{ ""category"" : ""Feature Requests & Feedback"" }","{ ""priority"" : ""P4"", ""ETA"": ""Within 48 hours"" }","{ ""sentiment"" : ""Positive"" }","{ ""Tags"" : [""Task Management"", ""Account Management"", ""Feature Request""], ""Summary"" : ""Customer requests AI assistant.""}",{'category': 'Feature Requests & Feedback'},Feature Requests & Feedback,"{'priority': 'P4', 'ETA': 'Within 48 hours'}",P4,Within 48 hours,{'sentiment': 'Positive'},Positive,"{'Tags': ['Task Management', 'Account Management', 'Feature Request'], 'Summary': 'Customer requests AI assistant.'}","['Task Management', 'Account Management', 'Feature Request']",Customer requests AI assistant.,"{""first_response"":""Thank you for sharing your idea. We've received your feature request and a Product Specialist will be in touch within 48 hours. 

Warm regards, TaskFlow Customer Success Team""}"
32,TF-2024-033,We need HIPAA compliance documentation for TaskFlow. Our organization works with healthcare data and we cannot use any software without verified compliance certifications. Please send the relevant documentation.,"{ ""category"" : ""Technical Support & Bugs"" }","{ ""priority"" : ""P4"", ""ETA"": ""Within 48 hours"" }","{ ""sentiment"" : ""Neutral"" }","{ ""Tags"" : [""Security & Compliance"", ""Account Management"", ""API & Developer""], ""Summary"" : ""Customer requests HIPAA compliance.""}",{'category': 'Technical Support & Bugs'},Technical Support & Bugs,"{'priority': 'P4', 'ETA': 'Within 48 hours'}",P4,Within 48 hours,{'sentiment': 'Neutral'},Neutral,"{'Tags': ['Security & Compliance', 'Account Management', 'API & Developer'], 'Summary': 'Customer requests HIPAA compliance.'}","['Security & Compliance', 'Account Management', 'API & Developer']",Customer requests HIPAA compliance.,"{""first_response"":""Thank you for reaching out. We understand this issue is related to Technical Support & Bugs and we are working to resolve it. We expect to share progress within 48 hours. Warm regards, TaskFlow Customer Success Team""}"
33,TF-2024-034,"The comment tagging feature is broken. When I tag a team member using the @ symbol, they do not receive a notification. This is causing important feedback to go unnoticed on tasks.","{ ""category"" : ""Technical Support & Bugs"" }","{ ""priority"" : ""P2"", ""ETA"": ""Within 2-4 hours"" }","{ ""sentiment"" : ""Negative"" }","{ ""Tags"" : [""Notifications"", ""Task Management"", ""Permissions & Access""], ""Summary"" : ""Customer experiences notification issue.""}",{'category': 'Technical Support & Bugs'},Technical Support & Bugs,"{'priority': 'P2', 'ETA': 'Within 2-4 hours'}",P2,Within 2-4 hours,{'sentiment': 'Negative'},Negative,"{'Tags': ['Notifications', 'Task Management', 'Permissions & Access'], 'Summary': 'Customer experiences notification issue.'}","['Notifications', 'Task Management', 'Permissions & Access']",Customer experiences notification issue.,"{""first_response"": ""Sorry for the inconvenience. We understand this issue is related to Technical Support & Bugs and we're treating this as urgent. We're working to resolve it within 2-4 hours. Warm regards, TaskFlow Customer Success Team""}"
34,TF-2024-035,I cannot figure out how to set up project permissions so that clients can view tasks but not edit them. Is there a guest or view-only role available? I have looked through the settings but cannot find it.,"{ ""category"" : ""How-to & Guidance"" }","{ ""priority"" : ""P3"", ""ETA"": ""Within 24 hours"" }","{ ""sentiment"" : ""Frustrated"" }","{ ""Tags"" : [""Permissions & Access"", ""Account Management"", ""Task Management""], ""Summary"" : ""Customer struggles with permissions setup.""}",{'category': 'How-to & Guidance'},How-to & Guidance,"{'priority': 'P3', 'ETA': 'Within 24 hours'}",P3,Within 24 hours,{'sentiment': 'Frustrated'},Frustrated,"{'Tags': ['Permissions & Access', 'Account Management', 'Task Management'], 'Summary': 'Customer struggles with permissions setup.'}","['Permissions & Access', 'Account Management', 'Task Management']",Customer struggles with permissions setup.,"{""first_response"":""Sorry for the frustration caused. We understand this issue is related to How-to & Guidance and we are working to provide a solution. We’ll get back to you within 24 hours. Warm regards, TaskFlow Customer Success Team""}"
35,TF-2024-036,TaskFlow sent me a renewal invoice for the wrong amount. Our contract specifies $299 per month but the invoice shows $399. Please correct this and send a revised invoice before our payment date.,"{ ""category"" : ""Billing & Subscriptions"" }","{ ""priority"" : ""P2"", ""ETA"": ""Within 2-4 hours"" }","{ ""sentiment"" : ""Negative"" }","{ ""Tags"" : [""Billing & Payment"", ""Account Management"", ""Plan Upgrade / Downgrade""], ""Summary"" : ""Customer reports incorrect invoice amount.""}",{'category': 'Billing & Subscriptions'},Billing & Subscriptions,"{'priority': 'P2', 'ETA': 'Within 2-4 hours'}",P2,Within 2-4 hours,{'sentiment': 'Negative'},Negative,"{'Tags': ['Billing & Payment', 'Account Management', 'Plan Upgrade / Downgrade'], 'Summary': 'Customer reports incorrect invoice amount.'}","['Billing & Payment', 'Account Management', 'Plan Upgrade / Downgrade']",Customer reports incorrect invoice amount.,"{""first_response"":""Sorry for the error. We understand this issue is related to Billing & Subscriptions. We are treating this as urgent and are working to resolve it. We expect to share a revised invoice within 2-4 hours. Warm regards, TaskFlow Customer Success Team""}"
36,TF-2024-037,The desktop app for Windows is crashing on startup after the latest update. I have tried reinstalling three times. My entire team on Windows is affected. Mac users on our team are fine.,"{ ""category"" : ""Technical Support & Bugs"" }","{ ""priority"" : ""P2"", ""ETA"": ""Within 2-4 hours"" }","{ ""sentiment"" : ""Frustrated"" }","{ ""Tags"" : [""Desktop App"", ""Performance & Speed"", ""Account Management""], ""Summary"" : ""Desktop app crashes on startup.""}",{'category': 'Technical Support & Bugs'},Technical Support & Bugs,"{'priority': 'P2', 'ETA': 'Within 2-4 hours'}",P2,Within 2-4 hours,{'sentiment': 'Frustrated'},Frustrated,"{'Tags': ['Desktop App', 'Performance & Speed', 'Account Management'], 'Summary': 'Desktop app crashes on startup.'}","['Desktop App', 'Performance & Speed', 'Account Management']",Desktop app crashes on startup.,"{""first_response"": ""Sorry for the frustration caused. We understand this issue is related to Technical Support & Bugs. We are treating this as urgent and are actively working to resolve it. Expect an update within 2-4 hours. Warm regards, TaskFlow Customer Success Team""}"
37,TF-2024-038,We would find it very useful if TaskFlow could integrate with Microsoft Teams. Most of our communication happens there and having task notifications in Teams would greatly improve our team's adoption of TaskFlow.,"{ ""category"" : ""Feature Requests & Feedback"" }","{ ""priority"" : ""P4"", ""ETA"": ""Within 48 hours"" }","{ ""sentiment"" : ""Positive"" }","{ ""Tags"" : [""Integration & Sync"", ""Notifications"", ""Feature Request""], ""Summary"" : ""Customer requests Microsoft Teams integration.""}",{'category': 'Feature Requests & Feedback'},Feature Requests & Feedback,"{'priority': 'P4', 'ETA': 'Within 48 hours'}",P4,Within 48 hours,{'sentiment': 'Positive'},Positive,"{'Tags': ['Integration & Sync', 'Notifications', 'Feature Request'], 'Summary': 'Customer requests Microsoft Teams integration.'}","['Integration & Sync', 'Notifications', 'Feature Request']",Customer requests Microsoft Teams integration.,"{""first_response"":""Thank you for sharing your valuable feedback. We understand this is a Feature Request and a Product Specialist will be in touch within 48 hours. 
Warm regards, TaskFlow Customer Success Team""}"
38,TF-2024-039,"I notice TaskFlow does not have two-factor authentication. Given that we store sensitive client project data, this is a security concern for our organization. Please let us know if this is on your roadmap.","{ ""category"" : ""Feature Requests & Feedback"" }","{ ""priority"" : ""P4"", ""ETA"": ""Within 48 hours"" }","{ ""sentiment"" : ""Negative"" }","{ ""Tags"" : [""Security & Compliance"", ""Feature Request"", ""Account Management""], ""Summary"" : ""Customer requests two-factor authentication.""}",{'category': 'Feature Requests & Feedback'},Feature Requests & Feedback,"{'priority': 'P4', 'ETA': 'Within 48 hours'}",P4,Within 48 hours,{'sentiment': 'Negative'},Negative,"{'Tags': ['Security & Compliance', 'Feature Request', 'Account Management'], 'Summary': 'Customer requests two-factor authentication.'}","['Security & Compliance', 'Feature Request', 'Account Management']",Customer requests two-factor authentication.,"{""first_response"":""Sorry for the concern this has caused. We understand this is a Feature Requests & Feedback issue. A Product Specialist will review your request within 48 hours. Warm regards, TaskFlow Customer Success Team""}"
39,TF-2024-040,The CSV import function is not mapping columns correctly. I am trying to migrate 500 tasks from our old system and every import attempt scrambles the data. I have followed the template exactly.,"{ ""category"" : ""Technical Support & Bugs"" }","{ ""priority"" : ""P2"", ""ETA"": ""Within 2-4 hours"" }","{ ""sentiment"" : ""Frustrated"" }","{ ""Tags"" : [""Data Export & Import"", ""Task Management"", ""Integration & Sync""], ""Summary"" : ""Customer struggles with CSV import.""}",{'category': 'Technical Support & Bugs'},Technical Support & Bugs,"{'priority': 'P2', 'ETA': 'Within 2-4 hours'}",P2,Within 2-4 hours,{'sentiment': 'Frustrated'},Frustrated,"{'Tags': ['Data Export & Import', 'Task Management', 'Integration & Sync'], 'Summary': 'Customer struggles with CSV import.'}","['Data Export & Import', 'Task Management', 'Integration & Sync']",Customer struggles with CSV import.,"{""first_response"": ""Sorry for the frustration caused. We understand this issue is related to Technical Support & Bugs and we are treating this as urgent. We'll work to resolve it within 2-4 hours. Warm regards, TaskFlow Customer Success Team""}"
40,TF-2024-041,I have been waiting 5 days for a response to my support ticket TF-2024-015. Our team is still experiencing issues and the lack of response is unacceptable for a paid enterprise customer.,"{ ""category"" : ""Technical Support & Bugs"" }","{ ""priority"" : ""P1"", ""ETA"": ""ASAP"" }","{ ""sentiment"" : ""Frustrated"" }","{ ""Tags"" : [""Escalation"", ""Account Management"", ""Task Management""], ""Summary"" : ""Customer awaits support response.""}",{'category': 'Technical Support & Bugs'},Technical Support & Bugs,"{'priority': 'P1', 'ETA': 'ASAP'}",P1,ASAP,{'sentiment': 'Frustrated'},Frustrated,"{'Tags': ['Escalation', 'Account Management', 'Task Management'], 'Summary': 'Customer awaits support response.'}","['Escalation', 'Account Management', 'Task Management']",Customer awaits support response.,"{""first_response"":""Sorry for the frustration and delay. We understand this issue falls under Technical Support & Bugs and we're treating it as urgent. We're working to resolve it ASAP. Warm regards, TaskFlow Customer Success Team""}"
41,TF-2024-042,Can TaskFlow add budget tracking to projects? We need to track planned versus actual spend for each project. Currently we manage this in a separate spreadsheet which creates a lot of manual work.,"{ ""category"" : ""Feature Requests & Feedback"" }","{ ""priority"" : ""P4"", ""ETA"": ""Within 48 hours"" }","{ ""sentiment"" : ""Neutral"" }","{ ""Tags"" : [""Feature Request"", ""Task Management"", ""Account Management""], ""Summary"" : ""Customer requests budget tracking.""}",{'category': 'Feature Requests & Feedback'},Feature Requests & Feedback,"{'priority': 'P4', 'ETA': 'Within 48 hours'}",P4,Within 48 hours,{'sentiment': 'Neutral'},Neutral,"{'Tags': ['Feature Request', 'Task Management', 'Account Management'], 'Summary': 'Customer requests budget tracking.'}","['Feature Request', 'Task Management', 'Account Management']",Customer requests budget tracking.,"{""first_response"":""Thank you for sharing your feedback. We understand this is a Feature Requests & Feedback issue. A Product Specialist will review your request within 48 hours. Warm regards, TaskFlow Customer Success Team""}"
42,TF-2024-043,My dashboard is showing tasks assigned to a colleague who left our organization six months ago. I have deactivated their account but their tasks still appear in my view. How do I reassign these cleanly?,"{ ""category"" : ""How-to & Guidance"" }","{ ""priority"" : ""P3"", ""ETA"": ""Within 24 hours"" }","{ ""sentiment"" : ""Frustrated"" }","{ ""Tags"" : [""Task Management"", ""Account Management"", ""Permissions & Access""], ""Summary"" : ""User sees old colleague's tasks.""}",{'category': 'How-to & Guidance'},How-to & Guidance,"{'priority': 'P3', 'ETA': 'Within 24 hours'}",P3,Within 24 hours,{'sentiment': 'Frustrated'},Frustrated,"{'Tags': ['Task Management', 'Account Management', 'Permissions & Access'], 'Summary': ""User sees old colleague's tasks.""}","['Task Management', 'Account Management', 'Permissions & Access']",User sees old colleague's tasks.,"{""first_response"":""Sorry for the frustration caused. We understand this is a How-to & Guidance issue. We're working on it and expect to resolve it within 24 hours. Warm regards, TaskFlow Customer Success Team""}"
43,TF-2024-044,The mobile app is not syncing with the web app. Tasks I complete on my phone still show as incomplete on my laptop. I have tried logging out and back in on both devices but the issue persists.,"{ ""category"" : ""Technical Support & Bugs"" }","{ ""priority"" : ""P2"", ""ETA"": ""Within 2-4 hours"" }","{ ""sentiment"" : ""Negative"" }","{ ""Tags"" : [""Mobile App"", ""Integration & Sync"", ""Desktop App""], ""Summary"" : ""Customer's app is not syncing.""}",{'category': 'Technical Support & Bugs'},Technical Support & Bugs,"{'priority': 'P2', 'ETA': 'Within 2-4 hours'}",P2,Within 2-4 hours,{'sentiment': 'Negative'},Negative,"{'Tags': ['Mobile App', 'Integration & Sync', 'Desktop App'], 'Summary': ""Customer's app is not syncing.""}","['Mobile App', 'Integration & Sync', 'Desktop App']",Customer's app is not syncing.,"{""first_response"":""Sorry for the inconvenience. We understand this is a Technical Support & Bugs issue. We're treating this as urgent and are working to resolve it. Expect an update within 2-4 hours. Warm regards, TaskFlow Customer Success Team""}"
44,TF-2024-045,We are a nonprofit organization. Do you offer discounted pricing for nonprofits? We are currently evaluating TaskFlow versus competitors and pricing is an important factor in our decision.,"{ ""category"" : ""Billing & Subscriptions"" }","{ ""priority"" : ""P4"", ""ETA"": ""Within 48 hours"" }","{ ""sentiment"" : ""Neutral"" }","{ ""Tags"" : [""Account Management"", ""Billing & Payment"", ""Plan Upgrade / Downgrade""], ""Summary"" : ""Customer inquires about nonprofit pricing.""}",{'category': 'Billing & Subscriptions'},Billing & Subscriptions,"{'priority': 'P4', 'ETA': 'Within 48 hours'}",P4,Within 48 hours,{'sentiment': 'Neutral'},Neutral,"{'Tags': ['Account Management', 'Billing & Payment', 'Plan Upgrade / Downgrade'], 'Summary': 'Customer inquires about nonprofit pricing.'}","['Account Management', 'Billing & Payment', 'Plan Upgrade / Downgrade']",Customer inquires about nonprofit pricing.,"{""first_response"":""Thank you for considering TaskFlow. We understand this issue is related to Billing & Subscriptions. We're working on it and will get back to you within 48 hours. Warm regards, TaskFlow Customer Success Team""}"
45,TF-2024-046,The board view is not loading for our largest project which has around 800 tasks. It just shows a loading spinner indefinitely. All our other smaller projects load fine. We use the board view daily.,"{ ""category"" : ""Technical Support & Bugs"" }","{ ""priority"" : ""P2"", ""ETA"": ""Within 2-4 hours"" }","{ ""sentiment"" : ""Negative"" }","{ ""Tags"" : [""Task Management"", ""Performance & Speed"", ""Desktop App""], ""Summary"" : ""Customer experiences loading issue.""}",{'category': 'Technical Support & Bugs'},Technical Support & Bugs,"{'priority': 'P2', 'ETA': 'Within 2-4 hours'}",P2,Within 2-4 hours,{'sentiment': 'Negative'},Negative,"{'Tags': ['Task Management', 'Performance & Speed', 'Desktop App'], 'Summary': 'Customer experiences loading issue.'}","['Task Management', 'Performance & Speed', 'Desktop App']",Customer experiences loading issue.,"{""first_response"":""Sorry for the inconvenience. We understand this issue is related to Technical Support & Bugs and we're treating this as urgent. We're working to resolve it within 2-4 hours. Warm regards, TaskFlow Customer Success Team""}"
46,TF-2024-047,I received an email saying my account will be suspended due to non-payment but I set up autopay. My bank confirms the payment went through successfully. Please check your payment system and do not suspend my account.,"{ ""category"" : ""Billing & Subscriptions"" }","{ ""priority"" : ""P1"", ""ETA"": ""ASAP"" }","{ ""sentiment"" : ""Frustrated"" }","{ ""Tags"" : [""Billing & Payment"", ""Account Management"", ""Escalation""], ""Summary"" : ""Customer's account suspension issue.""}",{'category': 'Billing & Subscriptions'},Billing & Subscriptions,"{'priority': 'P1', 'ETA': 'ASAP'}",P1,ASAP,{'sentiment': 'Frustrated'},Frustrated,"{'Tags': ['Billing & Payment', 'Account Management', 'Escalation'], 'Summary': ""Customer's account suspension issue.""}","['Billing & Payment', 'Account Management', 'Escalation']",Customer's account suspension issue.,"{""first_response"":""Sorry for the frustration caused. We understand this issue is related to Billing & Subscriptions and we are treating this as urgent. We are working to resolve it ASAP. Warm regards, TaskFlow Customer Success Team""}"
47,TF-2024-048,Please add keyboard shortcuts to TaskFlow. Power users on our team find constant mouse navigation very slow. Even basic shortcuts like creating a new task or marking complete would make a big difference.,"{ ""category"" : ""Feature Requests & Feedback"" }","{ ""priority"" : ""P4"", ""ETA"": ""Within 48 hours"" }","{ ""sentiment"" : ""Positive"" }","{ ""Tags"" : [""Feature Request"", ""Task Management"", ""Desktop App""], ""Summary"" : ""Customer requests keyboard shortcuts.""}",{'category': 'Feature Requests & Feedback'},Feature Requests & Feedback,"{'priority': 'P4', 'ETA': 'Within 48 hours'}",P4,Within 48 hours,{'sentiment': 'Positive'},Positive,"{'Tags': ['Feature Request', 'Task Management', 'Desktop App'], 'Summary': 'Customer requests keyboard shortcuts.'}","['Feature Request', 'Task Management', 'Desktop App']",Customer requests keyboard shortcuts.,"{""first_response"":""Thank you for sharing your feedback. We understand this is a Feature Requests & Feedback issue. A Product Specialist will review your request within 48 hours. Warm regards, TaskFlow Customer Success Team""}"
48,TF-2024-049,The workload view is showing incorrect capacity for team members. It shows some people at 200% capacity when they only have two tasks assigned. This is making resource planning impossible for our project managers.,"{ ""category"" : ""Technical Support & Bugs"" }","{ ""priority"" : ""P2"", ""ETA"": ""Within 2-4 hours"" }","{ ""sentiment"" : ""Negative"" }","{ ""Tags"" : [""Task Management"", ""Performance & Speed"", ""Account Management""], ""Summary"" : ""Team members show incorrect capacity.""}",{'category': 'Technical Support & Bugs'},Technical Support & Bugs,"{'priority': 'P2', 'ETA': 'Within 2-4 hours'}",P2,Within 2-4 hours,{'sentiment': 'Negative'},Negative,"{'Tags': ['Task Management', 'Performance & Speed', 'Account Management'], 'Summary': 'Team members show incorrect capacity.'}","['Task Management', 'Performance & Speed', 'Account Management']",Team members show incorrect capacity.,"{""first_response"":""Sorry for the inconvenience. We understand this is a Technical Support & Bugs issue. We're treating this as urgent and are working to resolve it. Expect a resolution within 2-4 hours. Warm regards, TaskFlow Customer Success Team""}"
49,TF-2024-050,I cannot delete old tags from our workspace. The tag management settings page gives a 500 server error every time I try to delete a tag. Our tag list is cluttered with hundreds of outdated tags.,"{ ""category"" : ""Technical Support & Bugs"" }","{ ""priority"" : ""P2"", ""ETA"": ""Within 2-4 hours"" }","{ ""sentiment"" : ""Frustrated"" }","{ ""Tags"" : [""Tags Management"", ""Error""], ""Summary"" : ""User cannot delete old tags."" }",{'category': 'Technical Support & Bugs'},Technical Support & Bugs,"{'priority': 'P2', 'ETA': 'Within 2-4 hours'}",P2,Within 2-4 hours,{'sentiment': 'Frustrated'},Frustrated,"{'Tags': ['Tags Management', 'Error'], 'Summary': 'User cannot delete old tags.'}","['Tags Management', 'Error']",User cannot delete old tags.,"{""first_response"": ""Sorry for the frustration. We understand this issue is related to Technical Support & Bugs and we're treating this as urgent. We're working to resolve it within 2-4 hours. Warm regards, TaskFlow Customer Success Team""}"
